{
  "audit_sha256": "2c64b7b454c29b0f6aceb370a46bc91a82f1aff181f6f291c57c22c254b8e338",
  "audit_status": "FORECAST_ELIGIBLE",
  "calibration_sha256": "b98f05b33973df6a2e74fcdb8638aa0860c2533bf592f81d03e4649ffffaa893",
  "caveats": [
    "DR1 and DR2 overlap and no cross-release covariance is published; the joint history score treats releases as independent.",
    "The common BAO scale theta is marginalized in closed form per realization (flat prior on 1/theta) and propagated through Gauss-Hermite nodes into every interval.",
    "Compressed BAO constrains background distances only.",
    "A forecast coincident with LambdaCDM remains a falsifiable forecast."
  ],
  "coverage": {
    "level_68": 0.7371794871794872,
    "level_95": 0.9487179487179487
  },
  "effective_sample_size": 205.32052776153637,
  "falsification_criteria": [
    "Primary: the forecast is judged against the sealed 95% intervals above. A DR3 departure below a sealed interval falsifies the non-phantom realization family; a departure above a sealed interval falsifies the calibrated depletion realization family used here.",
    "Meta: any post-DR3 modification of prior bounds, sampler seed, or gate thresholds voids this seal; a corrected forecast must be re-sealed under a new version."
  ],
  "forecast_sha256": "5282fdea4b00639b134a1fa15c24de885a82dbbce0ea5606fce4f20949a6a5f2",
  "forecast_version": "dscd-forecast-v2",
  "observables": [
    {
      "dr2_sigma": 0.07609196324185624,
      "interval_68": [
        7.865276479639038,
        7.938898308218655
      ],
      "interval_95": [
        7.830054925468834,
        7.9854625274440645
      ],
      "label": "BGS:DV@z=0.295",
      "median": 7.900738786319887
    },
    {
      "dr2_sigma": 0.16836678472905517,
      "interval_68": [
        13.19854509639459,
        13.311251442259746
      ],
      "interval_95": [
        13.14574931458384,
        13.37808183871904
      ],
      "label": "LRG1:DM@z=0.510",
      "median": 13.253021868375384
    },
    {
      "dr2_sigma": 0.42886832478046216,
      "interval_68": [
        22.388190771276797,
        22.509923353076633
      ],
      "interval_95": [
        22.275744039092302,
        22.580671568504467
      ],
      "label": "LRG1:DH@z=0.510",
      "median": 22.45105637263122
    },
    {
      "dr2_sigma": 0.17993122074837373,
      "interval_68": [
        17.34633785635633,
        17.471281671109026
      ],
      "interval_95": [
        17.284233313658383,
        17.54391285001354
      ],
      "label": "LRG2:DM@z=0.706",
      "median": 17.40809128859714
    },
    {
      "dr2_sigma": 0.33387003159912393,
      "interval_68": [
        19.92656221274735,
        20.044030155739776
      ],
      "interval_95": [
        19.808439484863754,
        20.100856365033412
      ],
      "label": "LRG2:DH@z=0.706",
      "median": 19.98897067066591
    },
    {
      "dr2_sigma": 0.1617815860968114,
      "interval_68": [
        21.60463989490774,
        21.73696473225979
      ],
      "interval_95": [
        21.535048302673005,
        21.811142120194603
      ],
      "label": "LRG3+ELG1:DM@z=0.934",
      "median": 21.67025752272519
    },
    {
      "dr2_sigma": 0.20104324858099562,
      "interval_68": [
        17.40314288369515,
        17.531222029543535
      ],
      "interval_95": [
        17.319456787430912,
        17.592259355718713
      ],
      "label": "LRG3+ELG1:DH@z=0.934",
      "median": 17.468814298930415
    },
    {
      "dr2_sigma": 0.32455587500459765,
      "interval_68": [
        27.666610638536714,
        27.799945599405415
      ],
      "interval_95": [
        27.572501398475463,
        27.878406333788952
      ],
      "label": "ELG2:DM@z=1.321",
      "median": 27.731329286799543
    },
    {
      "dr2_sigma": 0.22455135092000672,
      "interval_68": [
        13.971060697251927,
        14.103474562884008
      ],
      "interval_95": [
        13.90253128411552,
        14.168040409545402
      ],
      "label": "ELG2:DH@z=1.321",
      "median": 14.038608852367076
    },
    {
      "dr2_sigma": 0.763557644844186,
      "interval_68": [
        29.861540813107347,
        29.980406317459824
      ],
      "interval_95": [
        29.755359821071156,
        30.07329865624267
      ],
      "label": "QSO:DM@z=1.484",
      "median": 29.919974423095105
    },
    {
      "dr2_sigma": 0.5180117691713191,
      "interval_68": [
        12.806133692368856,
        12.937483998326034
      ],
      "interval_95": [
        12.741889413686668,
        12.998768455228772
      ],
      "label": "QSO:DH@z=1.484",
      "median": 12.872722712567851
    },
    {
      "dr2_sigma": 0.10106245296844917,
      "interval_68": [
        8.587987018343542,
        8.699458026927838
      ],
      "interval_95": [
        8.537670734637992,
        8.758054165084456
      ],
      "label": "Lya:DH@z=2.330",
      "median": 8.642447921923354
    },
    {
      "dr2_sigma": 0.5316820280957407,
      "interval_68": [
        38.73975613627972,
        38.95076431818279
      ],
      "interval_95": [
        38.62768778743527,
        39.06672570107549
      ],
      "label": "Lya:DM@z=2.330",
      "median": 38.845305104287945
    }
  ],
  "official_data_commit": "bb0c1c9009dc76d1391300e169e8df38fd1096db",
  "prior": {
    "dimensions": [
      {
        "description": "log10 multiplier on every funded density cost and leakage rate",
        "lower": -1.0,
        "name": "log10_depletion_scale",
        "upper": 3.0
      },
      {
        "description": "cross-species interaction strength",
        "lower": 0.05,
        "name": "alpha_xy",
        "upper": 0.6
      },
      {
        "description": "same-species depletion strength",
        "lower": 0.0,
        "name": "alpha_xx",
        "upper": 0.2
      },
      {
        "description": "beat asymmetry omega_y - omega_x",
        "lower": 0.0,
        "name": "delta_omega",
        "upper": 0.8
      },
      {
        "description": "initial X activity per cell",
        "lower": 2.0,
        "name": "initial_x",
        "upper": 10.0
      },
      {
        "description": "initial Y/X abundance ratio",
        "lower": 1.0,
        "name": "asymmetry_ratio",
        "upper": 2.0
      },
      {
        "description": "explosive regime event rate",
        "lower": 0.0,
        "name": "explosion_rate",
        "upper": 0.2
      },
      {
        "description": "present matter fraction",
        "lower": 0.2,
        "name": "omega_m",
        "upper": 0.45
      }
    ],
    "forecast_version": "dscd-forecast-v2",
    "sampler": "scrambled Sobol (scipy.stats.qmc.Sobol)",
    "theta_bounds": [
      0.02,
      0.045
    ],
    "theta_treatment": "profiled analytically per sample (exact 1/theta scaling)"
  },
  "sampler_seed": 20260710,
  "schema_version": "dscd-v2-dr3-seal-v1",
  "sealed_utc": "2026-07-10T13:49:13.582416+00:00",
  "settings": {
    "quadrature_order": 48,
    "replicates": 4,
    "samples": 2048
  },
  "system_version": "dscd-cosmology-v1"
}
