{
  "calibration_policy": "Freeze all DSCD dynamics, including depletion_scale=1; fit only theta and omega_m.",
  "created_utc": "2026-07-09T22:39:41.393961+00:00",
  "fixed_dscd_background_only": {
    "checks": {
      "condition_below_1e4": true,
      "finite_uncertainty": true,
      "full_rank": true,
      "linearized_95pct_coverage": true,
      "normalized_bias_below_0p25": true
    },
    "fisher_covariance": [
      [
        5.784663429611686e-08,
        -1.9818513670258183e-06
      ],
      [
        -1.9818513670258183e-06,
        7.925128646263243e-05
      ]
    ],
    "fisher_standard_error": [
      0.000240513272598659,
      0.008902319162029208
    ],
    "linearized_95pct_coverage": [
      0.95,
      0.938
    ],
    "linearized_recovery_mean_delta": [
      -2.0677284157768816e-06,
      -0.00010153048309868294
    ],
    "linearized_recovery_std": [
      0.0002452109301112166,
      0.009223341287690775
    ],
    "normalized_bias": [
      0.008597148895093495,
      0.011404947548020725
    ],
    "passed": true,
    "svd": {
      "condition_number": 97.85864368919606,
      "finite_difference_denominators": [
        0.00010000000000000286,
        0.0020000000000000018
      ],
      "jacobian": [
        [
          -241.9413770652243,
          -2.290735159516719
        ],
        [
          -405.5342733615914,
          -4.695601677548562
        ],
        [
          -684.2860431455282,
          -15.784522032733491
        ],
        [
          -531.9912126393181,
          -8.027683278855939
        ],
        [
          -607.5368944134677,
          -17.930526157106982
        ],
        [
          -661.3967161644917,
          -12.229260438118661
        ],
        [
          -529.6837187694185,
          -18.67979534140039
        ],
        [
          -845.0073737200838,
          -19.33332782060047
        ],
        [
          -424.46173209562795,
          -17.738947842433447
        ],
        [
          -911.2265157312743,
          -22.16459023897597
        ],
        [
          -388.81328393876254,
          -16.98186132365896
        ],
        [
          -260.2979721250801,
          -12.778067700669016
        ],
        [
          -1180.2246100148411,
          -34.71523284758857
        ]
      ],
      "parameter_names": [
        "theta",
        "omega_m"
      ],
      "rank": 2,
      "singular_values": [
        10989.05292631801,
        112.29516895022367
      ],
      "whitened_jacobian": [
        [
          -3179.5917302885214,
          -30.104823977739663
        ],
        [
          -2408.6358483010695,
          -27.88912127237552
        ],
        [
          -3007.2863546589797,
          -55.365010153880014
        ],
        [
          -2956.63648824617,
          -44.615288249960344
        ],
        [
          -3253.22283194329,
          -77.66377778607641
        ],
        [
          -4088.207639209982,
          -75.5911765557829
        ],
        [
          -4323.23504006585,
          -127.06845782278984
        ],
        [
          -2603.5805813347656,
          -59.56856525960775
        ],
        [
          -3191.514794867827,
          -111.99482052709537
        ],
        [
          -1193.3958383943914,
          -29.02805097773456
        ],
        [
          -1540.26181681414,
          -54.166661809559734
        ],
        [
          -2575.615022983293,
          -126.43733973742181
        ],
        [
          -3688.489090189535,
          -132.6744621790617
        ]
      ]
    },
    "synthetic_replicates": 1000,
    "truth": [
      0.0332,
      0.31
    ]
  },
  "full_one_dscd_combination": {
    "checks": {
      "condition_below_1e4": false,
      "finite_uncertainty": true,
      "full_rank": true,
      "linearized_95pct_coverage": true,
      "normalized_bias_below_0p25": true
    },
    "fisher_covariance": [
      [
        5.7844298154189716e-08,
        -1.981820384985795e-06,
        1.5986024627896612e-11
      ],
      [
        -1.981820384985796e-06,
        7.925278111618795e-05,
        -6.389670405658987e-10
      ],
      [
        1.598602462789663e-11,
        -6.389670405658991e-10,
        5.151610538376119e-15
      ]
    ],
    "fisher_standard_error": [
      0.0002405084159737237,
      0.008902403109059258,
      7.177472074746177e-08
    ],
    "linearized_95pct_coverage": [
      0.95,
      0.938,
      0.937
    ],
    "linearized_recovery_mean_delta": [
      -2.0678999653049762e-06,
      -0.00010152871499218148,
      8.14222104352185e-10
    ],
    "linearized_recovery_std": [
      0.00024520582535608374,
      0.009223426827403364,
      7.43606757679458e-08
    ],
    "normalized_bias": [
      0.008598035777387934,
      0.01140464139271158,
      0.01134413475765392
    ],
    "passed": false,
    "svd": {
      "condition_number": 10613294.587204799,
      "finite_difference_denominators": [
        0.00010000000000000286,
        0.0020000000000000018,
        0.016000000000000014
      ],
      "jacobian": [
        [
          -241.93931342817638,
          -2.290567117912976,
          -0.0001713099789801829
        ],
        [
          -405.53072965127063,
          -4.695280566757272,
          -0.0002941757333285719
        ],
        [
          -684.2769006158437,
          -15.78345064695695,
          -0.0007589467334589977
        ],
        [
          -531.986150421864,
          -8.027169875669308,
          -0.00042023150115255665
        ],
        [
          -607.5304300636656,
          -17.929643812895065,
          -0.0005366258903904959
        ],
        [
          -661.3903712366375,
          -12.2285609708097,
          -0.0005267133920128226
        ],
        [
          -529.6787149724684,
          -18.679026332403463,
          -0.00041538170725274843
        ],
        [
          -844.9994338149238,
          -19.332367334555993,
          -0.0006591180647941281
        ],
        [
          -424.4583690122872,
          -17.738365590112423,
          -0.0002791816960945323
        ],
        [
          -911.218097478122,
          -22.163545236679717,
          -0.0006988274898755969
        ],
        [
          -388.81067652964725,
          -16.981395261735685,
          -0.0002164509098623311
        ],
        [
          -260.2967871245735,
          -12.77783702684231,
          -9.837152958880316e-05
        ],
        [
          -1180.2147228401,
          -34.713910025626376,
          -0.0008207683621641585
        ]
      ],
      "parameter_names": [
        "theta",
        "omega_m",
        "depletion_scale"
      ],
      "rank": 3,
      "singular_values": [
        10988.954524384493,
        112.29411245718927,
        0.001035395223800966
      ],